model,setting,n_runs,mean_accuracy,std_accuracy,mean_precision,std_precision,mean_recall,std_recall,mean_f1,std_f1,mean_roc_auc,std_roc_auc
MLP,threshold=0.5,5,0.813333,0.0730297,0.544156,0.127445,0.633333,0.182574,0.574118,0.143623,0.768056,0.0813716
MLP,val-selected threshold,5,0.84,0.0494413,0.660317,0.212544,0.633333,0.182574,0.606667,0.104085,0.768056,0.0813716
GCN,threshold=0.5,5,0.766667,0.0971825,0.47535,0.118922,0.9,0.223607,0.609989,0.131569,0.908333,0.0596172
GCN,val-selected threshold,5,0.773333,0.0954521,0.480545,0.116918,0.866667,0.217307,0.607636,0.131897,0.908333,0.0596172
GAT,threshold=0.5,5,0.786667,0.121564,0.5125,0.160505,0.866667,0.139443,0.635671,0.153501,0.875,0.0975935
GAT,val-selected threshold,5,0.7,0.197203,0.523611,0.294939,0.8,0.273861,0.537576,0.123047,0.875,0.0975935
RuleGAT,threshold=0.5,5,0.92,0.0960324,0.785165,0.225446,0.966667,0.0745356,0.851591,0.157536,0.988889,0.0126152
RuleGAT,val-selected threshold,5,0.96,0.0365148,0.916667,0.117851,0.9,0.149071,0.898095,0.0952143,0.988889,0.0126152
RuleGAT (neural branch only),threshold=0.5,5,0.66,0.263944,0.435827,0.199035,0.866667,0.139443,0.554503,0.178031,0.877778,0.0990162
RuleGAT (neural branch only),val-selected threshold,5,0.813333,0.130384,0.581115,0.200844,0.766667,0.252763,0.632598,0.193738,0.877778,0.0990162
Symbolic rules only (reference),threshold=0.5,5,1,0,1,0,1,0,1,0,1,0
Symbolic rules only (reference),val-selected threshold,5,1,0,1,0,1,0,1,0,1,0
