model,model_key,seed,setting,threshold,accuracy,precision,recall,f1,roc_auc,rule_violation_detection_rate,rule_consistency,n_violating_any,R1_detection_rate,R1_n_violating,R2_detection_rate,R2_n_violating,R3_detection_rate,R3_n_violating,R4_detection_rate,R4_n_violating,R5_detection_rate,R5_n_violating,n_test,n_test_pos,val_f1_at_threshold,best_epoch,train_time_s,lambda_constraint,constraint_nodes,symbolic_weight
MLP,mlp,42,threshold=0.5,0.5,0.833333,0.571429,0.666667,0.615385,0.756944,0.666667,0.833333,6,,0,,0,0.666667,6,,0,,0,30,6,0.666667,78,0.547,0,train,0.5
MLP,mlp,42,val-selected threshold,0.5,0.833333,0.571429,0.666667,0.615385,0.756944,0.666667,0.833333,6,,0,,0,0.666667,6,,0,,0,30,6,0.666667,78,0.547,0,train,0.5
GCN,gcn,42,threshold=0.5,0.5,0.633333,0.352941,1,0.521739,0.833333,1,0.633333,6,,0,,0,1,6,,0,,0,30,6,0.833333,89,1.026,0,train,0.5
GCN,gcn,42,val-selected threshold,0.5,0.633333,0.352941,1,0.521739,0.833333,1,0.633333,6,,0,,0,1,6,,0,,0,30,6,0.833333,89,1.026,0,train,0.5
GAT,gat,42,threshold=0.5,0.5,0.8,0.5,1,0.666667,0.895833,1,0.8,6,,0,,0,1,6,,0,,0,30,6,0.666667,48,0.833,0,train,0.5
GAT,gat,42,val-selected threshold,0.5,0.8,0.5,1,0.666667,0.895833,1,0.8,6,,0,,0,1,6,,0,,0,30,6,0.666667,48,0.833,0,train,0.5
RuleGAT,rulegat,42,threshold=0.5,0.5,1,1,1,1,1,1,1,6,,0,,0,1,6,,0,,0,30,6,0.909091,13,0.546,0.5,train,0.5
RuleGAT,rulegat,42,val-selected threshold,0.59,1,1,1,1,1,1,1,6,,0,,0,1,6,,0,,0,30,6,0.909091,13,0.546,0.5,train,0.5
RuleGAT (neural branch only),rulegat_neural,42,threshold=0.5,0.5,0.833333,0.545455,1,0.705882,0.930556,1,0.833333,6,,0,,0,1,6,,0,,0,30,6,0.625,13,0.546,0.5,train,0.5
RuleGAT (neural branch only),rulegat_neural,42,val-selected threshold,0.5,0.833333,0.545455,1,0.705882,0.930556,1,0.833333,6,,0,,0,1,6,,0,,0,30,6,0.625,13,0.546,0.5,train,0.5
Symbolic rules only (reference),symbolic,42,threshold=0.5,0.5,1,1,1,1,1,1,1,6,,0,,0,1,6,,0,,0,30,6,1,,0,,,
Symbolic rules only (reference),symbolic,42,val-selected threshold,0.5,1,1,1,1,1,1,1,6,,0,,0,1,6,,0,,0,30,6,1,,0,,,
MLP,mlp,43,threshold=0.5,0.5,0.9,0.714286,0.833333,0.769231,0.833333,0.833333,0.9,6,1,1,,0,0.75,4,1,1,,0,30,6,0.5,6,0.245,0,train,0.5
MLP,mlp,43,val-selected threshold,0.5,0.9,0.714286,0.833333,0.769231,0.833333,0.833333,0.9,6,1,1,,0,0.75,4,1,1,,0,30,6,0.5,6,0.245,0,train,0.5
GCN,gcn,43,threshold=0.5,0.5,0.8,0.5,1,0.666667,0.993056,1,0.8,6,1,1,,0,1,4,1,1,,0,30,6,0.4,1,0.337,0,train,0.5
GCN,gcn,43,val-selected threshold,0.5,0.8,0.5,1,0.666667,0.993056,1,0.8,6,1,1,,0,1,4,1,1,,0,30,6,0.4,1,0.337,0,train,0.5
GAT,gat,43,threshold=0.5,0.5,0.933333,0.75,1,0.857143,0.986111,1,0.933333,6,1,1,,0,1,4,1,1,,0,30,6,0.387097,3,0.441,0,train,0.5
GAT,gat,43,val-selected threshold,0.47,0.4,0.25,1,0.4,0.986111,1,0.4,6,1,1,,0,1,4,1,1,,0,30,6,0.387097,3,0.441,0,train,0.5
RuleGAT,rulegat,43,threshold=0.5,0.5,1,1,1,1,1,1,1,6,1,1,,0,1,4,1,1,,0,30,6,1,2,0.441,0.5,train,0.5
RuleGAT,rulegat,43,val-selected threshold,0.5,1,1,1,1,1,1,1,6,1,1,,0,1,4,1,1,,0,30,6,1,2,0.441,0.5,train,0.5
RuleGAT (neural branch only),rulegat_neural,43,threshold=0.5,0.5,0.233333,0.206897,1,0.342857,0.986111,1,0.233333,6,1,1,,0,1,4,1,1,,0,30,6,0.4,2,0.441,0.5,train,0.5
RuleGAT (neural branch only),rulegat_neural,43,val-selected threshold,0.53,0.933333,0.833333,0.833333,0.833333,0.986111,0.833333,0.933333,6,1,1,,0,0.75,4,1,1,,0,30,6,0.4,2,0.441,0.5,train,0.5
Symbolic rules only (reference),symbolic,43,threshold=0.5,0.5,1,1,1,1,1,1,1,6,1,1,,0,1,4,1,1,,0,30,6,1,,0,,,
Symbolic rules only (reference),symbolic,43,val-selected threshold,0.5,1,1,1,1,1,1,1,6,1,1,,0,1,4,1,1,,0,30,6,1,,0,,,
MLP,mlp,44,threshold=0.5,0.5,0.7,0.363636,0.666667,0.470588,0.798611,0.666667,0.7,6,,0,,0,0.6,5,,0,1,1,30,6,0.8,19,0.315,0,train,0.5
MLP,mlp,44,val-selected threshold,0.91,0.833333,0.571429,0.666667,0.615385,0.798611,0.666667,0.833333,6,,0,,0,0.6,5,,0,1,1,30,6,0.8,19,0.315,0,train,0.5
GCN,gcn,44,threshold=0.5,0.5,0.733333,0.428571,1,0.6,0.916667,1,0.733333,6,,0,,0,1,5,,0,1,1,30,6,0.769231,82,0.839,0,train,0.5
GCN,gcn,44,val-selected threshold,0.58,0.766667,0.454545,0.833333,0.588235,0.916667,0.833333,0.766667,6,,0,,0,0.8,5,,0,1,1,30,6,0.769231,82,0.839,0,train,0.5
GAT,gat,44,threshold=0.5,0.5,0.6,0.3125,0.833333,0.454545,0.784722,0.833333,0.6,6,,0,,0,0.8,5,,0,1,1,30,6,0.705882,47,0.812,0,train,0.5
GAT,gat,44,val-selected threshold,0.5,0.6,0.3125,0.833333,0.454545,0.784722,0.833333,0.6,6,,0,,0,0.8,5,,0,1,1,30,6,0.705882,47,0.812,0,train,0.5
RuleGAT,rulegat,44,threshold=0.5,0.5,0.766667,0.461538,1,0.631579,0.972222,1,0.766667,6,,0,,0,1,5,,0,1,1,30,6,1,46,0.911,0.5,train,0.5
RuleGAT,rulegat,44,val-selected threshold,0.61,0.933333,0.833333,0.833333,0.833333,0.972222,0.833333,0.933333,6,,0,,0,0.8,5,,0,1,1,30,6,1,46,0.911,0.5,train,0.5
RuleGAT (neural branch only),rulegat_neural,44,threshold=0.5,0.5,0.6,0.3125,0.833333,0.454545,0.798611,0.833333,0.6,6,,0,,0,0.8,5,,0,1,1,30,6,0.705882,46,0.911,0.5,train,0.5
RuleGAT (neural branch only),rulegat_neural,44,val-selected threshold,0.5,0.6,0.3125,0.833333,0.454545,0.798611,0.833333,0.6,6,,0,,0,0.8,5,,0,1,1,30,6,0.705882,46,0.911,0.5,train,0.5
Symbolic rules only (reference),symbolic,44,threshold=0.5,0.5,1,1,1,1,1,1,1,6,,0,,0,1,5,,0,1,1,30,6,1,,0,,,
Symbolic rules only (reference),symbolic,44,val-selected threshold,0.5,1,1,1,1,1,1,1,6,,0,,0,1,5,,0,1,1,30,6,1,,0,,,
MLP,mlp,45,threshold=0.5,0.5,0.8,0.5,0.333333,0.4,0.631944,0.333333,0.8,6,1,1,,0,0.25,4,0,1,,0,30,6,0.833333,38,0.393,0,train,0.5
MLP,mlp,45,val-selected threshold,0.72,0.866667,1,0.333333,0.5,0.631944,0.333333,0.866667,6,1,1,,0,0.25,4,0,1,,0,30,6,0.833333,38,0.393,0,train,0.5
GCN,gcn,45,threshold=0.5,0.5,0.766667,0.428571,0.5,0.461538,0.875,0.5,0.766667,6,1,1,,0,0.5,4,0,1,,0,30,6,0.777778,62,0.786,0,train,0.5
GCN,gcn,45,val-selected threshold,0.5,0.766667,0.428571,0.5,0.461538,0.875,0.5,0.766667,6,1,1,,0,0.5,4,0,1,,0,30,6,0.777778,62,0.786,0,train,0.5
GAT,gat,45,threshold=0.5,0.5,0.766667,0.444444,0.666667,0.533333,0.763889,0.666667,0.766667,6,1,1,,0,0.75,4,0,1,,0,30,6,0.769231,10,0.531,0,train,0.5
GAT,gat,45,val-selected threshold,0.66,0.866667,1,0.333333,0.5,0.763889,0.333333,0.866667,6,1,1,,0,0.25,4,0,1,,0,30,6,0.769231,10,0.531,0,train,0.5
RuleGAT,rulegat,45,threshold=0.5,0.5,0.9,0.714286,0.833333,0.769231,0.979167,0.833333,0.9,6,1,1,,0,1,4,0,1,,0,30,6,1,16,0.611,0.5,train,0.5
RuleGAT,rulegat,45,val-selected threshold,0.66,0.933333,1,0.666667,0.8,0.979167,0.666667,0.933333,6,1,1,,0,0.75,4,0,1,,0,30,6,1,16,0.611,0.5,train,0.5
RuleGAT (neural branch only),rulegat_neural,45,threshold=0.5,0.5,0.733333,0.4,0.666667,0.5,0.75,0.666667,0.733333,6,1,1,,0,0.75,4,0,1,,0,30,6,0.75,16,0.611,0.5,train,0.5
RuleGAT (neural branch only),rulegat_neural,45,val-selected threshold,0.75,0.8,0.5,0.333333,0.4,0.75,0.333333,0.8,6,1,1,,0,0.25,4,0,1,,0,30,6,0.75,16,0.611,0.5,train,0.5
Symbolic rules only (reference),symbolic,45,threshold=0.5,0.5,1,1,1,1,1,1,1,6,1,1,,0,1,4,1,1,,0,30,6,1,,0,,,
Symbolic rules only (reference),symbolic,45,val-selected threshold,0.5,1,1,1,1,1,1,1,6,1,1,,0,1,4,1,1,,0,30,6,1,,0,,,
MLP,mlp,46,threshold=0.5,0.5,0.833333,0.571429,0.666667,0.615385,0.819444,0.666667,0.833333,6,1,1,,0,0.6,5,,0,,0,30,6,0.714286,20,0.311,0,train,0.5
MLP,mlp,46,val-selected threshold,0.44,0.766667,0.444444,0.666667,0.533333,0.819444,0.666667,0.766667,6,1,1,,0,0.6,5,,0,,0,30,6,0.714286,20,0.311,0,train,0.5
GCN,gcn,46,threshold=0.5,0.5,0.9,0.666667,1,0.8,0.923611,1,0.9,6,1,1,,0,1,5,,0,,0,30,6,0.5,141,1.238,0,train,0.5
GCN,gcn,46,val-selected threshold,0.5,0.9,0.666667,1,0.8,0.923611,1,0.9,6,1,1,,0,1,5,,0,,0,30,6,0.5,141,1.238,0,train,0.5
GAT,gat,46,threshold=0.5,0.5,0.833333,0.555556,0.833333,0.666667,0.944444,0.833333,0.833333,6,1,1,,0,0.8,5,,0,,0,30,6,0.461538,13,0.525,0,train,0.5
GAT,gat,46,val-selected threshold,0.5,0.833333,0.555556,0.833333,0.666667,0.944444,0.833333,0.833333,6,1,1,,0,0.8,5,,0,,0,30,6,0.461538,13,0.525,0,train,0.5
RuleGAT,rulegat,46,threshold=0.5,0.5,0.933333,0.75,1,0.857143,0.993056,1,0.933333,6,1,1,,0,1,5,,0,,0,30,6,0.823529,35,0.78,0.5,train,0.5
RuleGAT,rulegat,46,val-selected threshold,0.38,0.933333,0.75,1,0.857143,0.993056,1,0.933333,6,1,1,,0,1,5,,0,,0,30,6,0.823529,35,0.78,0.5,train,0.5
RuleGAT (neural branch only),rulegat_neural,46,threshold=0.5,0.5,0.9,0.714286,0.833333,0.769231,0.923611,0.833333,0.9,6,1,1,,0,0.8,5,,0,,0,30,6,0.461538,35,0.78,0.5,train,0.5
RuleGAT (neural branch only),rulegat_neural,46,val-selected threshold,0.5,0.9,0.714286,0.833333,0.769231,0.923611,0.833333,0.9,6,1,1,,0,0.8,5,,0,,0,30,6,0.461538,35,0.78,0.5,train,0.5
Symbolic rules only (reference),symbolic,46,threshold=0.5,0.5,1,1,1,1,1,1,1,6,1,1,,0,1,5,,0,,0,30,6,1,,0,,,
Symbolic rules only (reference),symbolic,46,val-selected threshold,0.5,1,1,1,1,1,1,1,6,1,1,,0,1,5,,0,,0,30,6,1,,0,,,
