model,setting,n_runs,accuracy,precision,recall,f1,roc_auc
MLP,threshold=0.5,5,0.813 ± 0.073,0.544 ± 0.127,0.633 ± 0.183,0.574 ± 0.144,0.768 ± 0.081
MLP,val-selected threshold,5,0.840 ± 0.049,0.660 ± 0.213,0.633 ± 0.183,0.607 ± 0.104,0.768 ± 0.081
GCN,threshold=0.5,5,0.767 ± 0.097,0.475 ± 0.119,0.900 ± 0.224,0.610 ± 0.132,0.908 ± 0.060
GCN,val-selected threshold,5,0.773 ± 0.095,0.481 ± 0.117,0.867 ± 0.217,0.608 ± 0.132,0.908 ± 0.060
GAT,threshold=0.5,5,0.787 ± 0.122,0.512 ± 0.161,0.867 ± 0.139,0.636 ± 0.154,0.875 ± 0.098
GAT,val-selected threshold,5,0.700 ± 0.197,0.524 ± 0.295,0.800 ± 0.274,0.538 ± 0.123,0.875 ± 0.098
RuleGAT,threshold=0.5,5,0.920 ± 0.096,0.785 ± 0.225,0.967 ± 0.075,0.852 ± 0.158,0.989 ± 0.013
RuleGAT,val-selected threshold,5,0.960 ± 0.037,0.917 ± 0.118,0.900 ± 0.149,0.898 ± 0.095,0.989 ± 0.013
RuleGAT (neural branch only),threshold=0.5,5,0.660 ± 0.264,0.436 ± 0.199,0.867 ± 0.139,0.555 ± 0.178,0.878 ± 0.099
RuleGAT (neural branch only),val-selected threshold,5,0.813 ± 0.130,0.581 ± 0.201,0.767 ± 0.253,0.633 ± 0.194,0.878 ± 0.099
Symbolic rules only (reference),threshold=0.5,5,1.000 ± 0.000,1.000 ± 0.000,1.000 ± 0.000,1.000 ± 0.000,1.000 ± 0.000
Symbolic rules only (reference),val-selected threshold,5,1.000 ± 0.000,1.000 ± 0.000,1.000 ± 0.000,1.000 ± 0.000,1.000 ± 0.000
