model,setting,R1_pooled_rate,R1_pooled_n,R2_pooled_rate,R2_pooled_n,R3_pooled_rate,R3_pooled_n,R4_pooled_rate,R4_pooled_n,R5_pooled_rate,R5_pooled_n,overall_pooled_rate,overall_pooled_n
MLP,threshold=0.5,1,3,,0,0.583333,24,0.5,2,1,1,0.633333,30
MLP,val-selected threshold,1,3,,0,0.583333,24,0.5,2,1,1,0.633333,30
GCN,threshold=0.5,1,3,,0,0.916667,24,0.5,2,1,1,0.9,30
GCN,val-selected threshold,1,3,,0,0.875,24,0.5,2,1,1,0.866667,30
GAT,threshold=0.5,1,3,,0,0.875,24,0.5,2,1,1,0.866667,30
GAT,val-selected threshold,1,3,,0,0.791667,24,0.5,2,1,1,0.8,30
RuleGAT,threshold=0.5,1,3,,0,1,24,0.5,2,1,1,0.966667,30
RuleGAT,val-selected threshold,1,3,,0,0.916667,24,0.5,2,1,1,0.9,30
RuleGAT (neural branch only),threshold=0.5,1,3,,0,0.875,24,0.5,2,1,1,0.866667,30
RuleGAT (neural branch only),val-selected threshold,1,3,,0,0.75,24,0.5,2,1,1,0.766667,30
Symbolic rules only (reference),threshold=0.5,1,3,,0,1,24,1,2,1,1,1,30
Symbolic rules only (reference),val-selected threshold,1,3,,0,1,24,1,2,1,1,1,30
